domain,rating,score
reuters.com,high,0.95
apnews.com,high,0.95
bbc.com,high,0.90
bbc.co.uk,high,0.90
npr.org,high,0.88
theguardian.com,high,0.85
nytimes.com,high,0.85
washingtonpost.com,high,0.85
thehindu.com,high,0.85
indianexpress.com,high,0.82
nature.com,high,0.95
who.int,high,0.92
snopes.com,high,0.88
politifact.com,high,0.88
factcheck.org,high,0.90
cnn.com,mixed,0.70
foxnews.com,mixed,0.60
dailymail.co.uk,mixed,0.45
nypost.com,mixed,0.50
theonion.com,satire,0.10
babylonbee.com,satire,0.10
fakingnews.com,satire,0.10
infowars.com,low,0.10
naturalnews.com,low,0.10
